{"cameraMode":{"drawMode":0,"name":"Shaded","section":"Shading Mode"},"sceneLighting":true,"audioPlay":false,"sceneViewState":{"showFog":true,"showMaterialUpdate":true,"showSkybox":true,"showFlares":true,"showImageEffects":true,"showParticleSystems":true},"in2DMode":false,"pivot":{"x":-1.4915862083435059,"y":0.9716362953186035,"z":1.116642951965332},"rotation":{"x":-0.08412672579288483,"y":0.872270405292511,"z":-0.16171129047870637,"w":-0.45378023386001589},"size":11.411661148071289,"orthographic":false}