{"cameraMode":{"drawMode":0,"name":"Shaded","section":"Shading Mode"},"sceneLighting":true,"audioPlay":false,"sceneViewState":{"showFog":true,"showMaterialUpdate":false,"showSkybox":true,"showFlares":true,"showImageEffects":true,"showParticleSystems":true},"in2DMode":false,"pivot":{"x":16.68000030517578,"y":0.7600002288818359,"z":9.880000114440918},"rotation":{"x":-0.0049419463612139229,"y":0.9934896230697632,"z":-0.10350610315799713,"w":-0.04742446541786194},"size":19.618627548217775,"orthographic":false}