{"cameraMode":{"drawMode":0,"name":"Shaded","section":"Shading Mode"},"sceneLighting":true,"audioPlay":false,"sceneViewState":{"showFog":true,"showMaterialUpdate":true,"showSkybox":true,"showFlares":true,"showImageEffects":true,"showParticleSystems":true},"in2DMode":false,"pivot":{"x":-159.66989135742188,"y":-40.77350616455078,"z":-119.46466064453125},"rotation":{"x":0.12446441501379013,"y":-0.593890368938446,"z":0.0935104638338089,"w":0.7893698215484619},"size":1525.5023193359375,"orthographic":false}